Word,Frequency
covid,2146
sarscov,356
infection,496
maternal,3
fetal,1
transmissioncovidsarscov,1
covidexclusive,1
breastfeeding,2
covidtype,2
diabetes,33
infectioncancer,1
patientsgeneral,1
population,2
hepatocellular,1
carcinomacovid,1
covidsarscov,165
igg,2
related,26
diseasecovid,9
covidfemur,1
fracturefragility,1
fracture,2
coronavirus,365
disease,226
cognitive,8
impairmentcovidcognitive,1
dysfunctiondepression,1
anxietyquality,1
of,181
life,20
pregnancy,18
high,4
sensitivity,1
and,111
specificity,1
with,60
confidence,1
interval,3
realdetect,1
rtpcr,3
kit,1
neurological,2
diseases,68
or,25
conditionsstroke,1
acuteseizure,1
disorder,85
covidmetabolism,1
inborn,1
errors,1
covidcorona,46
virus,246
neonatal,2
covidcritical,15
illness,26
covidhypercoagulable,1
states,1
nec,1
characteristics,1
diseasesoutcome,1
fatal,3
pandemic,15
covidcoronavirus,43
infectionsarscovcomplications,1
multiple,29
sclerosiscovid,5
severe,113
infectionpediatric,2
allpneumonia,1
viralpandemic,1
response,14
coviddialysisnursepatient,1
relations,4
covidsarscovcoronavirus,3
covidinfectious,3
diseasedeathsarscov,1
infectionsevere,17
acute,243
respiratory,394
syndrome,221
cytokine,11
storm,11
infectionpregnancy,6
complicationsvertical,1
transmission,6
infectious,16
diseasebreastfeedingneonatal,1
coronaviruscoronavirus,8
liver,13
transplant,22
infectioncovidmortalityimmune,1
covidthrombosis,7
sarcopeniacovid,1
covidanxietydepression,2
postpartum,7
covidinterstitial,3
pneumonia,144
covidpulmonary,11
embolism,9
infectionscovid,3
influenza,13
like,7
illnesscovid,2
covidcancer,9
covidliver,3
covidhealth,4
personnelpersonnel,1
hospital,3
contamination,3
by,17
during,17
oral,4
care,69
sarscovcovid,40
coronary,6
syndromeheart,2
failurecovid,9
corona,88
limb,3
ischemia,2
covidquality,3
lifemental,1
health,94
wellness,19
social,21
distancesars,1
diseasepsychological,2
experience,1
without,6
complications,15
except,1
getting,1
covidhypertension,2
pulmonary,37
embolismcovid,2
covidsars,16
syndromecorona,8
infectioncovid,57
vaccinecancer,1
pregnant,4
womencovid,1
covidvirus,8
sarscovbreastmilk,2
covidrenal,1
replacement,2
therapyacute,1
kidney,47
injury,39
behaviorrisktakingcovid,1
infectioncovidallergic,1
reactionmast,1
cell,33
disordernonatopic,1
infectionhydroxychloroquine,1
adverse,17
reaction,16
convalescent,7
plasma,9
for,14
covidrespiratory,27
failure,78
hypoxia,5
covidvitamin,6
d,12
deficiencyrespiratory,1
viral,83
congenital,2
heart,23
novel,16
covidfamily,1
memberscritical,1
covidcoronaviruscoronavirus,5
infectionssarscov,3
sarscovmultisystem,1
inflammatory,18
in,65
children,11
misccoronavirus,1
covidhemodialysis,1
complicationinflammatory,1
ischemic,4
strokecovid,1
syndromecovid,26
covidacute,42
renal,9
function,15
tests,1
abnormalities,2
patients,40
vaccines,7
covidcardiomyopathies,1
covidpneumonia,34
covidpregnancy,10
infectionintensive,2
sarscovtear,1
covidchronic,6
covidhypertensioncardiovascular,2
covidmaternalfetal,1
covidmaternal,1
psychological,28
distressanesthesia,1
covidsurgery,2
adenovirus,1
type,38
vectored,1
vaccine,27
coronavirusvaccine,1
refusal,5
systemic,7
lupus,7
erythematosussjogrens,3
syndromeinflammatory,1
myositispsoriatic,1
arthritisgoutankylosing,1
spondylitisarthritis,1
sites,2
associated,27
bowel,11
diagnosisosteoarthritis,1
sarscovcovidcardiovascular,1
diseasescardiovascular,7
risk,20
factor,13
coronavirussevere,3
covidsevere,18
mental,36
knowledge,5
attitudes,5
practicecovid,1
ibdcovid,2
viralexercisecoronavirushabits,1
viralcovidardsoxidative,1
stress,84
complicationscovidrespiratory,1
treatment,16
infectiontransplantation,1
preventive,3
immunization,4
prevention,14
infectionseroprevalencecovid,1
covidlung,13
ultrasoundrespiratory,2
complication,18
fibrosisorganising,1
pneumoniathromboembolism,1
coviddiabetes,7
mellitus,21
moderate,7
covidinfection,2
covidvirushiv,1
immune,14
status,3
healthcare,11
workers,8
vaccinationcovid,2
sarscovoncologysurgery,1
anosmiaageusiacovidcorona,1
infections,56
fibrotic,1
sequelae,1
postcovid,1
immunology,1
distress,152
pneumoniacovid,15
infectionhealth,1
disparities,1
personnel,7
covidbrainneurocognitionfmri,1
covidcancernicotine,1
dependencepulmonary,1
diseasecardiovascular,2
diseasesimmunosuppression,1
disorders,31
covidhypoxemic,2
manifestationscovidvaccine,1
the,44
impact,4
covidhivart,1
covidvaccines,1
covidcovidcoronavirus,2
infectionthromboembolic,1
asymptomatic,5
conditioninfection,1
viralcoronavirus,3
infectionssevere,3
coronaviridae,1
infectionsrna,4
infectionsvirus,3
diseasescommunicable,1
covidtelemedicinequality,1
lifesafety,1
issuessymptoms,1
coviddiarrhea,1
rheumatic,5
diseasessarscov,1
covidmyeloma,1
multiplemalignant,1
lymphomahematologic,1
neoplasmsstem,1
infectioncovidanosmiadysgeusia,2
cardiaccovid,1
arrhythmiacovid,1
death,2
extreme,1
prematuritycovid,1
coviddisabilities,1
multiplecerebral,1
palsymuscular,1
dystrophies,1
sars,45
cov,14
viralcovid,5
venous,3
thromboembolismcovid,1
respiration,1
artificialcovidhealth,1
confirmed,6
casescovid,1
mortality,6
communicable,1
diseasecovidsarscovinfectious,1
diseasecoronavirusvirus,1
covidhigh,1
altitude,1
cardiovascular,22
consequences,1
after,2
an,4
episode,2
bcg,1
vaccination,6
outbreak,2
solid,24
organ,4
transplantation,7
lymphopeniacovidolder,1
people,4
burnout,12
professionalpsychological,1
covidcovidsarscov,4
infectionrheumatoid,2
arthritispsoriatic,3
arthritishydroxychloroquine,1
covidophthalmopathyeye,1
covidkidney,8
covidrisk,2
sarscovanxiety,1
fearparents,1
covidsurgerysars,1
covidendotracheal,1
intubation,8
sarscoronavirus,2
oncologycovid,1
covidchildren,1
only,2
pneumoniapneumonia,5
infectionpulmonary,1
rehabilitationquality,1
covidpostmortem,1
changes,2
coviddrug,5
effectdrug,3
interactionadverse,2
drug,6
event,5
pnemonia,1
plasmacovidsarscov,1
neurologic,5
manifestationspsychiatric,2
disorderscovid,6
cirrhosis,3
virussarscovcovid,1
surgery,11
viralinfluenza,1
pneumoniaflu,1
symptomflu,2
illnesspneumonia,1
interstitialpneumonia,1
ventilatorassociatedpneumonia,1
atypical,1
viralpneumonia,4
bacterialcoronavirus,1
infectionobstructive,1
lung,50
effect,7
preventable,3
obesitycovid,1
syndromesarscov,14
depressionpsychological,1
stressmaternal,1
positive,6
pcr,2
syndromeendothelial,1
dysfunction,12
sarscovchronic,2
rheumatismautoimmune,1
cancer,50
covidmental,7
disorderstress,3
disorderanxietydepressionsarscov,1
covidfeardental,1
anxiety,45
factors,1
outcomes,1
elderly,1
populations,1
allergy,1
immunologyinfection,1
viralpulmonary,2
infectionbacterial,1
tract,48
infectionviral,4
caused,9
covidrheumatoid,2
arthritis,9
sarscovcovidcoronavirus,2
noninvavie,1
ventilation,22
to,50
sclerosisdemyelinating,1
autoimmune,5
cnsautoimmune,1
nervous,5
systemnervous,1
system,13
diseasesdemyelinating,1
diseasesautoimmune,1
diseasesimmune,1
diseasespathologic,1
processes,1
infectionnurses,1
role,1
covidandrogen,1
receptor,4
gene,2
overexpression,1
diseasethromboembolism,1
covidassociated,2
syndromecovidassociated,1
pneumoniahematopoietic,1
lymphoid,13
neoplasmmalignant,12
neoplasmsymptomatic,3
laboratoryconfirmed,9
covidright,1
ventricular,7
dysfunctionards,1
ardscovid,4
sarscovcovidcovid,1
neuroimagingcovid,1
wellbeing,4
covidthrombosisbleedinganticoagulation,1
covidneurologic,2
manifestations,5
covidurologic,1
diseasessurgerycomplicationsepidemic,1
deficiencycoagulopathydisseminated,1
intravascular,5
coagulation,3
covidinfluenza,6
erythematosuscovid,1
pregnancycovid,1
fibrosis,13
interstitial,3
vascular,2
surgical,6
procedurescovidpostoperative,1
infectionvaccine,4
effectiveness,2
utilizationhealth,1
feverpneumoniacough,1
sarscovsurgerycovid,1
covidlong,1
covidpostcovid,2
covidcytokine,10
adult,14
living,2
hiv,11
plwhiv,1
since,1
st,2
january,1
infectionsafety,1
efficacy,3
olfaction,4
syndromesevere,5
rheumatoid,10
arthritisaxial,1
spondyloarthritissystemic,1
erythematosusgiant,1
arteritis,2
covidfertility,3
issues,6
women,2
infectionsdiabetes,1
mellitusprevalencerisk,1
factorspatient,1
outcome,3
assessmentsevere,1
covidcovid,13
psychosocial,3
burden,3
injurycovidrenal,1
dysfunctioncoronavirus,1
infectionakipediatric,1
diseaserenal,3
insufficiency,4
sarscovnutrition,1
ards,30
covidpsychiatric,2
problemisolation,1
covidinformation,1
seeking,3
behaviorsocial,2
mediaperception,1
self,2
arthritiscovid,4
hospitalized,7
coronavirusconvalescence,1
covidcardiac,4
mild,4
covidprogression,1
covidprenatal,1
carepostoperative,1
covidcovidcorona,4
infectionsarscov,29
workerscovidsarscov,1
covidendoplasmic,1
reticulum,1
syndromecytokine,4
stormards,1
humancovidsarscovacute,1
covidnosocomial,3
infectioncoronaviruscoronavirus,3
covidgenito,1
urinary,3
serological,1
statussarscov,1
seroprevalence,2
covidcomaconsciousness,1
biochemical,1
markers,2
ngalcystatin,1
c,2
kidneyinjury,1
chronic,40
lymphocytic,10
leukemia,4
lymphoma,8
waldenstrom,1
covidangiotensin,1
ii,1
antagonist,1
covidheart,1
careintensive,2
unitshealth,1
smoking,7
behaviors,1
viralinflammatory,1
infectionthrombosisardsthrombophiliathromboses,1
intracranialthromboses,1
deep,4
veinraas,1
immunomodulation,1
airway,7
management,5
france,1
covidperiodontitis,1
treat,1
prevent,1
agent,1
as,17
cause,15
classified,15
elsewhere,8
gold,1
standard,2
current,2
detection,1
is,4
covidneurological,2
covidperiodontal,1
covidtshcortisol,1
myeloproliferative,2
neoplasmcovid,2
gynecologic,1
cancerbreast,5
neoplasm,10
femaleuterine,1
neoplasmsovarian,1
neoplasmsuterine,1
cervical,1
neoplasmsvulvar,1
neoplasmsvaginal,1
neoplasms,4
covidendothelial,4
covidcardiovascular,11
infectionpneumonia,12
infectionhematopoietic,7
neoplasmmetastatic,1
malignant,4
diabetescovid,3
covidcoronavirussarscov,4
diseasesarscov,5
covidknowledge,1
practice,6
vitamin,4
deficiency,13
critical,19
illnesscorona,3
infectionrespiratory,13
acutecardiomyopathiescovid,1
obesity,14
myelomacovid,1
controlcovid,1
covidthrombotic,1
microangiopathiesacute,1
stroke,6
sclerosis,14
covidcvd,1
covidardspneumonia,4
infectionprevalence,1
parkinson,7
covidsarsassociated,3
covidperception,1
selffacilities,1
services,5
utilization,4
covidsepsisadultsemergency,1
department,4
complicationspremature,1
rupture,3
membraneabruptio,1
placentaeprelabor,1
membranesstillbirth,1
cancercovidcoronavirus,1
patient,17
admitted,2
intensive,19
unit,23
release,16
canceradult,1
childrencancer,1
complicationskidney,1
rejectionliver,1
complicationsliver,1
rejection,1
testing,4
covidmean,1
platelet,1
volumeplatelet,1
destruction,1
prognostic,2
parameters,1
infectionmiddle,1
east,1
mersacute,1
syndromecoronavirus,5
infectioncovidsarscov,8
neuromuscular,2
blockadehuman,1
characteristicscomplication,1
medical,4
acquired,6
weakness,6
covidfearloneliness,1
coviddeliriumposttraumatic,1
infectionrna,1
diseaserespiratory,4
sperm,2
count,1
lowhormone,1
disturbancecovid,1
breast,14
feeding,2
exclusivepost,1
partum,4
depressioncovid,3
pneumocystiscoronavirus,1
covidsarscovcorona,5
infectionsemen,1
infectionwuhan,1
coronavirusprophylaxishealthcare,1
workersarscovhydroxychloroquine,1
covidardsakicirculatory,1
failurecoagulation,1
disorderinflammatory,1
electrolyte,1
imbalance,2
myelomacovidcorona,1
covidbetacell,1
mellituscovid,4
coronavirusinflammationcovid,1
sarscovcovidpregnancy,1
complicationspregnancy,2
pretermpregnancy,1
diabeticneonatal,1
diseasecardiac,3
covidbcg,2
relatedinfluenza,1
human,29
covidairways,1
cancercovidrespiratory,1
covidpost,3
incovid,1
quality,12
lifelongterm,2
outcomescoronavirus,2
early,2
cpap,2
extracorporeal,1
membrane,4
oxygenationards,1
covidpostexposure,1
prophylaxis,4
covidhealthcare,2
pneumonitis,4
infectionnosocomial,1
covidatrial,1
fibrillation,2
new,5
onset,1
covidcovidacute,1
injuryacute,7
ardscritical,1
covidphysicianpatient,1
cancercovid,11
covidoncologypromschemotherapeutic,1
toxicity,5
covidnursing,1
home,2
worker,9
transmissioncoronaviruscoronavirus,1
infectionsimmunological,1
abnormality,1
syndromecovidsarscovpneumonia,1
coviddyspareuniapostpartum,1
period,2
managementcovid,1
infectioncoronavirus,12
parkinsons,1
diseasefunctional,1
movement,1
value,1
ferritinglycosylated,1
ferritin,1
cancersarscov,1
plasmacovidimmunoglobulinsplasmaegypt,1
head,2
neck,6
cancercovidpatient,1
virussevere,1
covidpainmuscle,1
atrophy,2
pancreatic,6
infectionshealthcare,1
covidsarscovhydroxychloroquineprophylaxishealthcare,1
conditionhealthy,1
symptoms,6
covidpneumoniasurfactant,1
protein,1
coronaviruscovid,10
coviddiabete,1
non,3
diabetic,2
patientschest,1
ct,3
scan,3
thrombosiscovidsarscov,1
covidtraumaultrasound,1
microbiome,1
covidaki,2
covidinflammatory,3
rheumatismrheumatoid,1
arthritisspondyloarthritisinflammatory,1
infectionmoralityrehospitalization,1
test,6
positivesarscov,1
covidards,28
covidsarscovinflammatory,1
anxietydepressiontraumatic,1
sleepathletetrainingexercisecovidisolation,1
infectioncovidcoronavirus,1
covidfunctional,1
capacity,1
covidmyocardial,7
injurymyocarditis,2
post,23
traumatic,29
ptsdanxietydepressionepidemic,1
hypertensioncovid,3
diagnoses,2
virushivcovid,1
sarscovcovidambulatory,1
hyperglycemiacovid,1
covidrapid,1
antigen,2
testsarscov,1
covidsurgerycomplicationsnosocomial,1
infectioninfection,3
coronavirusdeath,1
infectionards,2
humansevere,1
covidurinebiomarkeracute,1
infectionardscoinfection,1
covidvaccine,3
acceptability,1
covidhealthy,3
control,7
acscovidassiut,1
dchildren,1
coronavirusacute,2
covidanosmia,4
hypoxemic,12
oncology,3
dysfunctional,2
worry,2
covidcoronavirusacute,1
illnesses,4
covidold,1
age,9
debilitymorbidity,1
depressionburnout,1
professionalpost,1
cancercovidcorona,1
relatedcovidcovid,1
covidddimer,1
infectionrisk,1
cardiovascularimmunosuppressionoutcome,1
fatalgraft,1
healthy,40
volunteers,13
bcell,3
lymphomacovid,2
infertility,4
maletestosterone,1
griefanxietydepressionsleep,1
disturbancequality,1
antibodies,1
adolescents,1
viralcoagulation,1
arthritisspondyloarthritisankylosing,1
spondylitispsoriatic,2
ventilatorassociatedcoronavirus,1
misc,2
covidnon,1
myocardial,8
injurymyocardial,1
infarctionmyocarditistroponin,1
elevation,2
rapid,2
covidazithromycinambulatory,1
impairedvaccine,1
failurerespiratory,3
adultards,1
humansars,2
impaired,5
viralcomputed,1
tomography,2
sarscovrheumatoid,1
arthritisrheumatic,1
relatedmaternal,1
pregnancycoronavirusneonatal,1
infectionprenatal,2
stresspreterm,1
birth,3
complicationscovid,3
blood,12
therapycovid,1
complicated,2
griefintensive,1
carecovid,2
coviddepression,1
anxietypregnancy,1
covidamyotrophic,1
lateral,3
viruscovidespiratory,1
inflammationnoncommunicable,1
emergency,6
service,2
hospitalgeneral,1
covidhuman,1
milk,2
covidviral,7
infectionmultisystem,1
infectioncommon,1
coldsevere,1
pneumoniacovidcorona,1
antibody,1
alveolar,1
proteinosiscopdidiopathic,1
fibrosisviral,1
pneumoniacoronavirus,7
infectioninterstitial,1
infectioncommunicable,1
infertilitycovidivf,1
participants,3
stable,3
comorbidities,3
progression,2
infectionelderly,1
interactionrisk,1
reduction,3
covidtailored,1
recommendationscitizen,1
selfreported,1
infectionencephalitis,1
volunteerschronic,1
diseasehematological,1
malignanciessolid,1
tumor,7
diseasescorona,3
infectioncoronary,1
diseasechronic,4
obstructive,11
covidprotection,2
against,4
immunisation,3
failureacute,6
ardscorona,1
infectionacute,14
use,13
stem,2
cells,3
diseasesdeliriumcritical,1
illnessintensive,1
deliriumthoracic,1
diseasesrespiratory,3
failurecardiac,2
sarscovhealthcare,1
covidanxiety,2
diseasenomogram,1
model,1
hivinfectionaidscoronavirus,1
long,8
infectionburnout,1
caregiverburnout,1
professional,2
therapeutic,1
exchangecovid,1
traumacovid,2
covidpneumoniathrombosisthromboembolismanticoagulants,1
increasedards,1
infectionchronic,1
covidimmune,2
deficiencytonsillitistonsil,1
hypertrophyadenoiditisadenoid,1
hypertrophy,1
diarrheacovid,1
workersvaccine,1
embolismdvtpulmonary,1
embolismmyocardial,1
infarctionstroke,1
illnesscovidcentral,1
injurydeliriumencephalopathy,1
covidherbal,1
medicine,6
infectionpopulation,1
at,5
riskacute,1
infectionsars,11
covidmechanical,5
ventilationquality,1
liferadiologic,1
increased,3
density,1
lungsedationcomplication,1
failuretriagelung,1
ultrasoundct,1
scintigraphy,1
covidcancertumor,1
end,4
stage,6
diagnostic,1
routinecoronavirusdiagnoses,1
diseaserapid,1
diseasescovid,6
covidchilblains,1
amd,1
aceisarb,1
preventworsen,1
injurycardiovascular,2
diseasesheart,2
failurecardiovascular,1
morbidity,2
covidallied,1
professionalsprimary,1
careretrospective,1
cohortpromsperformance,1
measuresprospective,1
cohortnational,1
dutch,1
program,2
oropharyngeal,1
dysphagiacovidsarscovnutrition,1
food,5
insecurity,3
covidimmunodeficiency,1
one,1
fibromyalgiacovid,1
fearcovid,1
anxietydaily,1
lifesleep,1
qualityanxiety,1
depression,28
preservation,1
oncological,1
patientsfertilitycryopreservation,1
susceptibility,1
mycobacterial,1
dialysiscovid,1
dyspnea,3
anosmiacoviddysgeusia,1
covidcognitive,3
impairment,8
injuryfevermyalgiacoughdyspneaseptic,1
shockbleeding,1
different,2
stages,1
protocol,1
facing,2
reported,1
measures,2
refusalcommunication,2
asthma,6
chronicbronchial,1
covidgeriatric,1
medicineseroconversionimmunosenescence,1
autism,10
spectrum,11
disordercardiovascular,2
refusalcovidcontraception,1
behaviorheart,1
unitpatient,2
reanimation,1
hopsitalized,1
internal,1
hematological,2
malignancies,3
covidhypoxia,4
economic,1
covidvenous,4
thromboembolismarterial,1
thrombosis,9
genetic,2
basis,1
coviddeathinfection,1
viralinfections,1
respiratoryinfection,1
coronaviruselderly,1
infectionold,2
dementiaepidemic,1
macular,3
degenerationdiabetic,1
edemaretinal,1
vein,8
occlusion,1
male,2
perinatal,7
practices,2
immunomediated,1
biological,2
agents,2
jak,1
inhibitors,2
humancovid,10
mindfulnesscovidhealthcare,1
thalassemia,1
majorcovid,1
covidsystemic,2
diseaseinflammatory,2
rheumatismauto,1
dysphagiacovid,1
myasthenia,1
gravis,1
isotretinoin,1
reactioncovid,1
deficiencycovid,3
pain,26
sarscovcovidpathologyintensive,1
unitsrespiratory,1
syndromedistress,1
ivermectinhydroxychloroquinecovid,1
infectioncytokine,4
stormmental,1
prophylaxiscovidhealth,1
workerhydroxychloroquine,1
covidthermotherapy,1
covidstress,2
posttraumaticanxietydepression,1
viralinfection,1
hospitalcovid,1
surgerycovidasymptomatic,1
patientcovidpreventive,1
covidsarscovpregnant,1
womenhydroxychloroquine,1
pregnancycovidlabor,1
obstetricscomplicationsdemography,1
endophthalmitis,1
orbital,1
cellulitis,1
inflammationhypoxemic,1
covidcoronaviruscancersurgery,1
covidanosmiafevercoughshortness,1
breathsore,1
throatnauseavomitingheadachemuscle,1
weaknesspain,1
musclepain,1
chestpain,1
jointpain,1
abdominalpainirritable,1
moodconfusion,1
covidappendicitis,1
covidthymic,1
hypoplasia,1
covidobesity,2
childhoodlifestylelifestyle,1
healthyoverweight,1
childhoodchildren,1
onlyfamily,1
ardsacute,1
syndromecovidendothelial,1
dysfunctionpulmonary,2
edema,1
epidemiologyclinicalnutritionalstatusimmunologic,1
defect,1
dental,6
sexual,5
fertility,2
disordersurinary,1
disordersurinesemen,1
psoriasiscovid,2
identification,1
mother,2
fetus,3
covresearch,1
presence,2
viruses,1
fatherthe,1
survey,1
builds,1
on,12
a,5
network,1
work,3
already,1
organized,1
around,1
cpdpn,1
poitoucharentesanalysis,1
laboratories,1
poitiers,1
chu,1
coronavirusrespiratory,4
covidorgan,2
sepsisorgan,1
multipleseptic,1
shockacute,1
transgender,1
personscoronaviruscoronavirus,1
infectioncovidcovid,1
issuesart,1
diseaseendoscopy,1
covidhiv,1
pneumoniasars,1
diseasesars,3
vaccinecovid,1
infectionanakinra,1
treatmentoptimized,1
osoc,1
healthquality,1
sarsassociated,5
coronaviruscovidsarscov,2
ventilationcovidemergency,1
departments,1
covidaspergillosisfungal,1
general,3
surgerydisease,1
outbreaks,1
contact,1
person,2
from,8
covidasymptomatic,2
covidlymphocytopenia,4
covidbronchiectasis,1
covidpreeclampsiapregnancy,1
testingcns,1
diseasecns,1
transplantpancreatic,1
transplatpancreatic,1
islets,1
langerhans,1
covidstatincardiovascular,1
covidobstetric,2
complicationsarscov,1
infectionpreterm,1
birthmiscarriageplacenta,1
covidimmunityvaccine,1
covidemergency,2
covidischemia,1
covidmouthwashsaliva,1
insufficiencytelmisartanrespiratory,1
infectionolfactory,1
disorderanosmia,1
vaccinationace,1
inhibitorsarb,1
hydroxychloroquineantimalarialsenzyme,1
inhibitorsantirheumatic,1
asymptomaticsarscov,1
symptomatic,3
delivery,1
covidtherapeutic,1
vaccinebcgsarscov,1
covidsurgerycomplications,1
hematologic,3
bone,3
marrow,2
hematopoietic,6
hsct,1
cellular,1
therapy,9
cart,1
colorectal,7
healthyimmunization,1
infectioncovidinfection,1
behcet,1
diseasecovidfmf,1
covidprophylaxis,1
morals,1
covidardssarscov,1
ventilator,5
coronaviruscovidinfection,1
primary,6
respiratoryrespiratory,1
physiologyrespiratory,1
musclesymptoms,1
pathology,1
infarction,5
neuroendocrine,1
tumorscovid,1
cardiac,11
surgerycovid,2
covidrheumatic,3
diseasesrheumatoid,2
arthritissle,1
infectionvirus,2
diseaseacute,3
covidcancerhiv,1
stresshemostatic,1
humanimmune,1
cllmultiple,1
myelomalymphoma,1
illnesshemodynamicssarscov,1
emergencies,6
workerscovid,2
mechanical,12
covidbreastfeedingvaccine,1
exposure,4
via,1
infectionsarscovcorona,2
infectioncovidcoronaviruscoronaviruscoronavirus,1
suppressionhivinfection,1
covidshock,1
cognitioncovid,1
t,5
ultrasonographylung,1
diseasessurgical,1
procedurecovidsevere,1
covidrehabilitation,2
myelomawaldenstrom,1
macroglobulinemiaimmune,1
disordercovid,9
relatedcovidintestinal,1
atresialimb,1
anomaly,2
photodynamic,1
low,3
level,3
laser,1
covidextracorporeal,1
oxygenation,4
complicationacute,1
covidinvasive,1
malignancy,4
any,1
caregiverscovid,1
manifestationsbrain,1
damage,3
behavior,18
nurses,1
roleinfection,1
pediatric,6
cancerimmune,1
disordercovidhemoglobinopathies,1
change,3
covidmuscle,1
lossmitochondrial,1
alteration,2
distance,4
education,3
learning,2
environment,2
infectioncritical,3
illnesscharacteristics,1
covidsar,1
pharmacological,1
action,1
gynecological,1
covidneonatal,1
diseasehealthy,1
coviddyspnea,5
asthmacovid,1
diabetescovidisolation,1
child,6
developmentprenatal,1
stresscovid,2
covidcoronaviruscancer,1
humanali,1
ventilationacute,2
covidcritically,1
ill,3
covidechocardiography,1
covidsarscovandrogenetic,1
alopeciaprostate,1
cancerbenign,2
prostatic,1
hyperplasiasars,1
staff,2
pandemicemergency,1
staffs,1
infectionhematological,1
stormvitamin,1
laboratoryconfirmedsymptomatic,1
anosmia,4
aguesia,1
suspected,2
psychiatric,6
infectioncoronavirussarscov,3
patientscovidsevere,1
hydroxychloroquine,1
sulfate,1
sclerosisnmo,1
syndromeaxial,1
spondyloarthritisrheumatoid,2
arthritisgiant,1
covidpneumoniamechanical,1
testingdecision,1
making,1
acupuncturecovid,1
transplantpancreas,1
tranplantpancreatic,1
islet,1
covidcorticosteroids,2
covidmotility,1
disorderbalance,1
cost,1
icu,5
coronaviruspost,1
form,2
that,2
treated,2
relatedantibody,1
petctcovidrespiratory,1
functioninflammatory,1
lesions,2
infectionsexercise,1
anticoagulation,1
ccovidhospitalized,1
covidethics,1
ardscovidpneumonia,1
depressionanxietybipolar,1
thromboembolismpulmonary,1
embolismdeep,2
thrombosissarscov,1
cancercolorectal,3
anxietycovid,1
volume,1
relationship,3
among,1
inpatients,1
us,1
hospitals,1
covidrtddpcr,1
multiplex,1
thrombocytopeniaitpcoviditp,1
secondary,7
epidemic,1
lockdown,1
prognosis,1
acutecovidleukemia,1
lymphoblastic,3
infectionhospitalized,1
patientslaboratoryconfirmed,1
covidophthalmopathy,1
stormcorona,1
prenatal,1
physical,13
activity,6
promotion,1
conscious,1
sedationpathologic,1
processeselectroencephalogramacute,1
problemsurgerydepression,1
arrhythmias,1
endometriosiscovid,1
infectioncoronaviruscovid,1
covidhaematological,1
disordersimmune,1
suppression,1
covidtelerehabilitationphysical,1
adultcovid,4
coronaviruscovidconvalescent,1
childrencovid,1
infectionvolunteershealthy,1
covidcovidcoronaviruspneumoniapneumonia,1
interstitialsarscov,1
diseasesinflammationsarscov,1
stemi,1
coronaviruscovidvirusfamily,1
householdinfection,1
term,5
effects,9
covidon,1
inflammationacute,1
functionacute,3
mrain,1
covidmalaria,1
sarscovcovidhn,1
influenzacomputed,1
covidtypediabetes,1
anesthesia,3
covidultrasoundards,1
thalidomide,2
sarscovserologystudents,1
acutecovid,2
due,14
pregnancycoronaviruscovid,1
overweight,4
infectioncovidpregnancy,1
relatedearly,1
viralct,1
infectionbcghealth,1
failurecovidmechanical,1
haemoglobinopathies,1
thyroid,1
coronaviruskidney,1
transplantationliver,1
transplantationcancercovid,1
sarscovcritical,1
accelerated,1
phase,2
cml,2
bcrabl,2
positiveacute,1
leukemiaacute,2
myeloid,1
leukemiachronic,3
positivecovid,1
neoplasmhodgkin,1
lymphomalymphoblastic,1
lymphomamyelodysplastic,1
syndromemyelofibrosismyeloproliferative,1
neoplasmnonhodgkin,1
infectionsedentary,1
reactionsarscov,1
sepsisseptic,2
shock,2
covidcoronavirussurgery,1
coronavirusdepressionanxietystress,2
infectioncovidcardiomyopathies,1
olfactory,3
taste,1
pneumocystiscoronaviruscovid,1
viralcorona,4
covidcommunityacquired,1
clinical,4
deterioration,1
autoinflammatory,1
diseaseshivmultiple,1
sclerosissolid,1
tumors,1
cancerssolid,1
hivcovid,1
pregnancycorona,1
viralhypertensiondiabetes,1
mellitusobesitycardiovascular,1
diseasesobstructive,1
parentchild,1
couple,1
under,1
china,1
influenzacovid,1
covidpsychosocial,1
stressmental,2
issueviolence,1
covidhemostasiscoagulation,1
cirrhoses,1
anxietydepressionstress,1
psychologicallonelinesssocial,1
isolation,10
covidarrhythmiatorsades,1
de,1
pointe,1
drugqt,1
variation,1
inatrioventricular,1
blockatrial,1
fibrillationbradyarrhythmiaventricular,1
arrythmia,2
covidpneumoniamultiple,1
failurecorona,3
infectionthyroid,1
testsinflammation,1
thyroidinflammatory,1
infectionpinkeye,1
tracheostomy,2
covidsarscovfatigue,1
chronicstress,1
psychologicalpain,1
kinetics,1
host,1
responses,1
covidcontact,1
case,1
stormcovid,2
covidasthmahealthy,1
myelomasmoldering,1
myelomamonoclonal,1
gammopathy,2
undetermined,2
significancecoronavirus,1
infectionmalignant,1
pneumoniaserotonin,1
syndromeplatelet,1
syndromecovidanxietydepression,1
diaphragm,1
sarscovards,1
treatmentsevere,1
will,2
allow,1
detect,1
absolute,1
rate,4
respiratoryfailure,1
condition,4
infectionperinatal,1
problemsinfectious,1
postnatal,1
occurrence,1
acurate,1
unitabnormalities,1
analysis,2
pneumoniacyotokine,1
coronaviruscovidpneumonia,2
cancergastric,1
canceresophagus,1
intellectual,1
disabilitydevelopmental,2
disabilityaxis,1
i,1
diagnosismental,1
illnesscovidcoronavirus,1
covidhypoxic,3
sarscovvaccinecovid,1
history,2
conjunctivitissarscovcovidocular,1
viralocular,1
inflammation,6
recovery,3
diseasehospitalized,1
crisis,1
infectionmultiorgan,1
unitsards,1
covidhypercoagulability,1
coviddeep,1
dvtthrombophlebitis,1
rehabilitation,6
infectiousrespiratory,1
diseasesafety,1
issueseffectiveness,1
infectionhypercoagulability,1
covidhydroxychloroquinecoronavirus,1
infectiontransmissionprophylaxis,1
rejectioncovid,1
infectionantisarscov,1
complicationscoronavirus,1
gamblingcovid,1
viralcytokine,2
dysfunctionthrombosiscritically,1
adultcorona,1
infectionspneumonia,5
viralacute,4
immunocompromised,1
neoplasmneuropathy,1
infectioncovidpain,1
complicationsneonatal,1
ncov,12
depressionanxiety,7
endoscopy,3
typediabetescovid,1
cholecystitis,1
acutecholecystitis,2
gangrenouscholecystitis,1
suppurativecovid,1
infectioncovidcovidsarscov,1
anxietycovidoral,1
hygiene,6
coagulopathy,2
sarscovinnate,1
immunityimmunization,1
infectionalveolar,1
diseaseendothelial,1
covidmorbidityabsenteeism,1
adultventilation,1
perfusion,3
mismatchpulmonary,1
edemacovid,2
rna,1
ethical,1
view,1
viralcoronavirusardspneumonia,1
recovered,2
immunotherapy,1
covidcovidcovid,1
behaviorhealth,3
pandemicsobstetrics,1
gynecologyworkloadquestionnairenational,1
surveychina,1
institute,2
curie,1
pasteur,1
who,2
are,2
not,1
showing,1
active,1
fear,3
epidemiology,2
humancoronavirus,1
covidyellow,1
fever,2
covidhydroxychloroquine,1
mellitusdiabetes,1
sarscovsymptomatic,1
conditioncovid,3
pathogen,1
septic,2
shockendotoxemiacovidcorona,1
infectionsepsis,2
hyponatremiacovidcorona,1
transmissionreceptor,1
site,1
alterationsusceptibility,1
diseaseimmune,2
covidketogenic,1
dieting,1
immunityvaccine,1
reactioninfluenzacovidcytokine,1
stormimmunologic,1
syndromes,3
failurecytokine,3
stormextracorporeal,1
behavioral,2
covidimmunodeficiencyold,1
debility,3
infectionparathyroid,1
glandparathyroid,1
hormonecalciumphosphorusalkaline,1
phosphatase,1
arrhythmiamyocarditisleft,1
humanmechanical,2
complicationcovid,4
pressure,3
highacute,1
diseasescovidfatigue,1
wellnesspsychological,1
securitypsychological,1
communityacquired,3
disordermental,2
conditions,8
coviddisseminated,1
coagulationcoagulation,1
myocarditis,2
copdcovidasthmasmall,1
airways,1
covidconvalescence,2
fibrosiscovid,1
covidterminal,1
electric,1
impedanceprone,1
positioning,1
syndromepneumonia,2
covidstressanxiety,1
sarscovrtpcrsaliva,1
collectionnasopharyngeal,1
sample,1
public,1
healthdemographypandemicscorona,1
infectionnewsglobal,1
healthperception,1
covidobstructive,1
sleep,10
apneapneumonia,1
infectioncorona,6
covidprognostic,1
factorspregnancy,1
coronavirusdiabetes,2
covidnovel,2
pneumoniaacute,4
patientcovid,1
close,1
contactimmune,1
covidcovidandrogenetic,1
alopeciaandrogen,1
abnormalandrogen,1
covidmicrocirculation,1
infectionhouseholds,1
contacts,1
diseaseparkinson,1
coronaviruscorona,3
colon,5
sarscovcoronavirus,2
infectionasymptomatic,1
stormmechanical,1
orallinguofacial,1
praxiescovid,1
eating,8
behaviorcovid,4
illnessattitude,1
personnelattitude,1
healthhealth,2
coronavirusepidemic,1
diseasepneumonia,4
covidsarscovviral,1
viraldyspnea,1
diseasecoronavirusrespiratory,1
covidcoronaviruscardiac,1
magnetic,1
resonancemyocarditiscardiac,1
sepsisblood,1
disordersthrombindisseminated,1
coagulationcovid,1
dementia,4
berberinecovid,1
healthyhealth,1
transmissionaging,1
poliovirus,1
oralcovidmortalitymorbiditynonspecific,1
covidburnout,2
preferencecovid,1
covidardsquality,1
diseasecritical,1
screening,5
issuecovidanxiety,1
disordersdepression,2
brain,8
infectionmelanoma,1
mildtomoderate,2
hospitalisationassociated,1
injurysarscov,1
covidsarscovncovpneumonia,1
aspergillosis,1
invasive,3
covidthromboembolism,2
severeacuterespiratorysyndromecoronavirus,1
activitiesmental,1
issuelife,1
style,2
covidardsacute,2
infectionpersonal,1
protective,9
equipmentcovid,1
deliriumcovidpost,1
infectioncovidncov,1
immunogenicity,1
covidhematologic,1
laboratoryconfirmedbcell,1
neoplasmchronic,1
leukemiasmall,2
lymphomamantle,1
lymphomamarginal,1
zone,1
lymphomasmall,1
lymphomasymptomatic,1
laboratoryconfirmedwaldenstrom,1
macroglobulinemia,1
preexposure,1
prophylaxiscoronavirussarscov,1
pneumoniasevere,3
other,3
pathogene,1
viralcritically,1
illcorona,1
infectionanxietydepressionoccupational,1
problemssevere,1
infectionfibrosis,1
covidstroke,1
acutestroke,1
ischemicstroke,1
hemorrhagic,1
immunosuppressioncancercovidother,1
transplantchemotherapyrenal,1
diseasediabetes,2
mellituscardiovascular,1
diseaseschronic,2
covidhospitalization,1
covidinpatient,1
covidsleep,1
qualitygeneral,1
mecfscovid,1
covidhighdefinition,1
transcranial,1
direct,1
stimulation,1
depressionanxietybehavior,1
problememotional,1
problem,4
cerebral,2
palsycovidtelemedicinecaregiver,1
lifedisability,1
developmental,1
impacts,1
covidinfective,1
muscle,3
fatigue,4
rare,1
azithromycin,1
reactioncovidlong,1
qt,2
pyrexiacovid,1
senile,1
cataract,1
tumorsarscovhematological,1
pneumoniaconvalescent,1
infectiontenofovir,1
reactionseroconversion,1
positivecorona,1
mellituscoronavirus,1
infectionmetabolic,1
diseaseglucose,1
metabolism,2
infectioncovidcorona,2
injurykidney,2
covidpneumoniacoagulation,1
disorderpulmonary,1
arthritisquality,1
occupational,4
pandemicvulnerable,1
subjectslongterm,1
noninvasive,1
cholangitis,1
biliarycholangiocarcinomaobstructive,1
jaundicepancreas,1
cancercovidsarscov,1
digestive,1
cancergynaecological,1
cancerhead,2
ardsrespiratory,1
failuresarscov,2
cancerlung,3
cancermelanoma,1
skin,4
hivaidscovidsarscov,1
coviddistress,1
emotional,7
covidinterferonnebulization,1
healthpsychoeducationanxiety,1
migraine,3
disordersstressanxiety,1
lifecovid,3
caregivers,3
dysfunctioncovid,1
covidsarscovdiagnosispolymerase,1
chain,3
sarscovosteoporosis,1
stresspsychosocial,1
impairmentanxietydepressionpost,1
disordercoronavirus,1
keratonjunctivitis,1
covidinfluenzagastroenteritis,1
sarscovserum,1
covidfollow,1
uprehabilitation,1
infectionmild,1
failureoxygen,1
viralsarscov,2
infectioncovidsars,1
syndromeaki,1
disorderstressadjustment,1
juvenile,1
idiopathic,2
covidrsv,1
infectioninfluenza,1
ainfluenza,2
b,3
sarscovsarscov,1
diseasecancercoronavirus,1
covidcbd,1
infectionpolymerase,1
reactionlaboratory,1
cessation,5
infectionhepatitis,2
covidchinese,1
compatible,1
pneumoniaaspirintreatment,1
covidhypoxemia,5
pneumonialung,1
ultrasound,2
sepsiscovid,1
remote,1
consultationcovid,1
psychosomatic,1
disorderparkinsonpsychological,1
distresspsychological,2
stresspsychological,3
disorderpsychological,3
impairmentpsychological,1
disabilitypsychological,1
adjustmentpsychological,1
adaptationcommunicationhealth,1
behavioranxietybehavior,1
behaviorshealthy,1
lifestyle,3
malignantcovidthromboembolism,1
covidathletes,1
heartmyocarditis,1
viralventricular,1
syndromeventilation,1
covidspatial,1
visualizationneural,1
networkrespiratory,1
diseasepandemicdisease,1
spread,3
issue,4
cancercovidimmunity,1
diseasecoronavirus,3
infectionspharyngeal,1
posttraumatic,9
disorderprolonged,1
grief,2
sarscovpoststroke,1
relatedmothers,1
illnessardsicu,1
coronaviruscovidcovidcovidcorona,1
issuesvaccine,1
covidinfluenzapneumoniavaccine,1
appendicitis,5
cancercovidsolid,1
tumorsocial,1
inequalityfrench,1
national,1
cohortchemotherapyimmunotherapysurgeryradiotherapy,1
syndromeinflammationdexmedetomidinecytokine,1
stormdelirium,1
emergence,1
volunteermood,1
disorderanxiety,3
disorderpreexisting,1
covidconjunctivitis,1
adultsarscov,1
resolution,1
thromboembolism,2
sarcopenia,3
realted,1
disruption,1
ckd,2
anosmiacovid,1
infarctionstrokecritical,1
illnessheart,1
failuredeep,1
thrombosispulmonary,2
embolismrenal,1
sedentary,2
behaviormental,1
viralcoronaviruscovid,1
neonates,1
needing,1
resuscitation,2
covidechocardiographyultrasound,1
covidsarscovards,2
humanrefractory,1
hypoxemiacardiogenic,1
shockseptic,1
shockextracorporeal,1
infectionvitamin,1
deficiencycovidacute,1
covidakickdesrdtransplantfailurekidney,1
covidinflammation,1
coronaviruscovidsarscovsevere,3
dialysischronic,1
transplantvaccine,1
infectionardsards,2
humanacute,2
loneliness,4
cardiomyopathies,1
sarscovinfection,1
viralhealthcare,1
workerprophylaxis,1
covidglobal,1
impactpulmonology,1
proctologic,1
arespiratory,1
phosphate,1
deficiencycovidmortality,1
induced,5
hospices,1
civils,1
lyoncovid,1
diseasemoderate,1
dyspneawithout,1
objective,1
fearanxiety,1
postoperativepsychological,1
anxietydepressionsleep,1
disturbance,3
ciliary,2
dyskinesia,1
coronavirusnmedical,1
mask,2
sarscovimmune,1
menstrual,2
problemcovidfatigue,1
identify,2
epitopes,1
memory,2
cd,1
individuals,1
have,1
infectiondetermine,1
which,3
proteins,1
frequently,1
recognized,1
varying,1
hla,1
types,1
covidsymptoms,1
signs,1
covhicovidcovid,1
hyperinflammatory,1
hi,1
echocardiography,1
stresscovidhypertension,1
recipients,2
myeloblastic,1
leukemiasarscov,1
mellitusglucose,1
disordersmetabolic,1
diseaseendocrine,1
diseasesdipeptidylpeptidase,1
iv,1
inhibitorslinagliptinsevere,1
sarscovhypoglycemic,1
agentsrespiratory,1
diseasesincretinshormones,1
covidneurocognitive,1
infectionsurvey,1
family,2
lifeepidemic,1
diseaseselfassessment,1
neurokinin,1
substance,4
p,1
tumorhematologic,1
malignancythoracic,1
cancercancer,2
treatmentrelatedvaccine,1
infected,2
infectionseroprevalence,1
severevery,1
encephalopathycovid,1
diseasesmental,1
learningonline,1
learningtraditional,1
classroombased,1
learningcoronavirus,1
distancing,1
measuresnursing,1
students,1
perception,1
achievement,1
viralthromboses,1
venouscovid,1
covidpneumoniaardshemostasiscoagulation,1
this,1
pilot,1
study,5
aims,1
assess,2
validity,1
applicability,1
flow,3
assays,1
lfas,1
can,1
be,1
used,1
point,1
failurerenal,1
syndromechronic,2
paincovid,1
rehabilitationcovid,1
immunosuppression,1
covidencephalopathycritically,1
covidcomorbidities,2
coexisting,5
ali,2
femoral,1
fracturessarscov,1
evaluating,1
media,1
usage,1
providing,1
pandemics,1
fevermental,1
covidfdg,1
petctinflammation,1
mellitussarscov,1
parents,3
oxygen,2
deficiencycoronavirus,1
covidsafety,2
tracheal,2
stenosis,2
covidcoronaviruscovid,1
hnintubation,1
complicationmoralitylung,1
covidinduced,1
infectionrdtb,1
pneumoniaatelectasis,1
infectioninterferoncovid,1
extracellular,2
fluid,3
alterationcorona,1
obesemorbid,1
sarscovacute,1
deliriumcovidintensive,1
delirium,2
chilblainscovid,1
oxidative,1
covidsequelae,1
infectioncognitive,1
symptom,1
interstitialcovid,1
covidthromboembolic,1
eventsbleeding,1
covidhypoxemiahypoxemic,1
infectionquality,1
liferisk,1
covidobesitydiabetes,1
mellitusagingcardiometabolic,1
syndromeimmune,1
intratrachealcovid,1
virallung,1
infectionscoronaviridae,1
infectionsnidovirales,3
diseaseimmunologic,1
diseaseardsimmunologic,1
factorsphysiological,1
drugsantiviral,1
agentsantiinfective,1
agentsanalgesicsantimetabolites,1
antineoplastic,1
coviddesaturation,1
syndromehypoxemia,1
events,2
infectionsrespiratory,7
failureventilator,1
psychologicalcovid,2
covidinhospital,1
arrest,4
diseasesinfection,2
intelligenceleadershiphealth,1
attitudecovid,1
ms,1
sclerosiscovidsupport,1
groups,1
syndromecritical,1
illnessards,2
covidmicrobiota,1
prone,4
positioningcovidhypoxemic,1
failureardsnon,1
ventilationhigh,1
nasal,3
cannulla,1
depressionanxietysubstance,1
usestress,1
psychologicalstress,2
emotionalalcohol,1
unspecifieddrug,1
usecovid,1
professionalmedical,1
errorsdepression,1
orofacial,1
painorofacial,1
edemadental,1
traumaoral,1
infectionadverse,1
failurehypoxemia,1
covidintellectual,1
disabilitychild,1
development,1
covidtelogen,1
effluviumsarscov,1
infectionalopecia,1
pleth,1
variability,2
index,1
exploring,1
assessment,2
hospitalised,1
infectioncovidmaternal,1
covidpediatric,3
positionsevere,1
hypnotics,1
sedativespulmonary,1
reperfusion,2
covidsatisfaction,1
patienttelemedicine,2
trial,3
covidanosmiaolfactory,1
pandemicsarscov,1
infectionhyposmiaageusiahypogeusia,1
dysfunctionpet,1
imaging,2
illnessardsinflammatory,1
responsecovidcirculatory,1
covidtreatmentcorona,1
exercisenutritional,1
statussleep,1
ventilationcovidtracheostomy,1
surgerycomplication,1
procedurecovid,1
injurycovid,3
irregularitycovid,1
pneumoniasepsis,1
covidzinc,1
deficiencyvitamin,1
covidpneumoniadiarrhea,1
safety,4
diabetescovidinfection,1
cardiometabolic,1
syndromeweight,1
loss,4
covidpovidone,1
iodine,1
diffuse,1
complicationdysgeusiaolfactory,1
infectionsar,1
predisposition,1
injurycritical,1
insecuritychildren,1
onlycovid,1
covidardsaliacute,1
ardsdyspnea,1
burnoutcoviddentistryfiliationpandemic,1
failureards,3
thrombosesarterial,1
illnesscovidstress,1
unitsarscov,1
multisystem,3
covidoscillation,1
expansionventilation,1
sarscovcoronaviruscovidncovncov,1
cancerelderly,1
cancerhealthy,1
aging,6
igm,1
infectioncovidsarscovcoronavirus,1
elsewheresarsassociated,1
elsewherecovidcoronavirus,1
covidcovidsarscovsarscov,1
infectioncovidassociated,1
covidphysical,2
disability,5
syndromesarscovhypoxemia,1
covidmisc,1
dialysis,1
bcgcovidsarscovcorona,1
painchronic,1
injurychronic,1
traumafibromyalgiaseizureshepatitis,1
ccancercrohn,1
diseasehivaidsmultiple,1
sclerosistraumatic,1
injurysickle,1
diseasepost,1
disordertourette,1
syndromeulcerative,1
colitisglaucomaepilepsyinflammatory,1
diseasesparkinson,1
diseaseamyotrophic,1
sclerosischronic,1
encephalopathyanxietydepressioninsomniaautismopioiduse,1
disorderbipolar,1
disordercovidsarscov,1
covidelderly,1
patientscritical,1
illnesssurvivalold,1
eosinophiliccovidcovid,1
cardiovascularcovidcritical,1
illnesscourse,1
addiction,1
substancecovid,1
covidleft,1
dysfunctionright,1
hypertension,5
covidlymphoma,1
femaleartivfcovid,1
undergoing,3
thoracic,1
telerehabilitationcoronavirus,1
lower,3
infectionparainfluenzaimmunocompromisedcovid,1
volunteer,2
infarctionventricular,1
tachycardiasudden,1
deathstroke,1
headachecovidsphenopalatine,1
ganglion,1
blockpersistent,1
headache,2
following,2
conditionacute,1
neurovascular,2
conditionstrokeacute,1
covidsarscovsurgerysurgical,1
procedure,4
late,1
complicationspostoperative,1
caregiver,2
covidardsfunctional,1
pneumoniachinese,1
covidphysiotherapy,1
covidintensive,2
covidoutcome,1
fatalrespiratory,1
injuryinflammation,1
coping,1
skillshealthcare,1
sarscovsystemic,1
erythematosusrheumatoid,1
arthritissjogrens,1
syndromepsoriatic,1
ardscovidinfluenza,1
covidmeasles,1
vaccinemortality,1
hemodialysis,2
patientscaregivers,1
infectionsards,1
endoscopycommunication,1
predict,2
unfavorable,1
evolution,1
admission,1
injuryalicovid,1
convalescenceplasmadoses,1
pneumoniacovidsarsassociated,1
elsewherecardiac,1
sarscovsevere,2
infectionpneumoniacopdckdcardiac,1
eventoverweight,1
obesitycardiovascular,1
diseasesdiabeteshypertensioncoronary,1
diseasesevere,1
audiovisual,1
triage,1
systemanxiety,1
levelscovid,1
spreadgad,1
scorehealthcare,1
professionalsscreening,1
strategy,1
diseasemental,1
infectiouspregnancy,1
relatedpregnancy,1
riskpregnancy,2
diseasepneumoniapneumonia,1
viraldiagnoses,1
anxietyhealthy,1
disorderspost,2
disorderdepressive,1
covidisolation,1
infectiongenitourinary,1
urologic,1
covidstresswearables,1
multipledna,1
hivpreexposure,1
coviddiabeteshypertensionobesity,1
diseasescoronaviridae,3
distresscovidsevere,1
covidsarcopeniamuscle,1
decreased,1
covidardshypoxiacytokine,1
covidbacteremiasepticemiaacinetobacter,1
baumannii,1
infectionpseudomonas,1
aeruginosa,1
infectionstaph,1
aureus,1
allogenic,1
transplantcart,1
therapyprimary,1
immunodeficiency,1
respiratoryfevercough,1
covidserology,1
disorderdepressionanxietypsychological,1
illnesseffectivenessoutcome,1
injuryards,2
subjects,1
possibly,1
exposed,1
infectionspostexposure,1
covidpersonal,2
equipment,6
syndromeventilatory,1
covidfavipiravir,1
favipira,1
covidexercise,2
tuberculosiscovid,1
epidemiologysarscovcovid,1
careprognosticsurvival,1
paediatric,2
temporally,2
cystic,5
childrencystic,1
sarscovcovidmouthwashesviral,1
loadpolymerase,1
bariatric,5
candidatecovidcomplication,1
procedurepneumonia,1
viralviral,1
infectionobesity,1
morbidsafety,1
issuesreadmission,1
infectioncovidpneumonia,1
covidanticoagulant,1
therapythrombosis,1
covidlife,1
satisfactionanxietymental,1
athletestress,1
diseasesneurological,1
losscoronavirus,1
covidremdesivirsarscov,1
infectionactive,1
immunizationimmune,1
responseimmunosuppression,1
pulmonaryright,1
overloadcovid,1
psychologicalanxietydepressioncovid,1
gender,1
relationspartner,1
communicationdivision,1
careworkcouple,1
conflictstress,1
illnesspost,1
syndromemuscle,1
pneumoniapulmonary,1
osteoarthritis,2
community,3
arthroscopy,1
adenocarcinoma,1
tb,1
tuberculosispatient,1
satisfaction,4
sarscovanxietyburnout,1
ultrasonography,1
pneumoniavascular,1
covidarterial,1
stiffnessendothelial,1
dysfunctiondiastolic,1
covidnonspecific,2
vaccinesheterologous,1
immunitymorbidityimmunosenescencevaccine,1
covidicu,1
weaknessweaning,1
complicationcorona,1
failuresars,1
factorcovid,1
vaccinesmorbidityabsenteeismheterologous,1
immunity,1
anxietydepressionpregnancy,1
subcutaneous,1
emphysemacovid,1
infectionardscoronavirus,1
donation,5
systemimmunomodulatorantisepticsupportive,1
relatedneonatal,2
infectionsarscovrespiratory,1
failurepalliative,1
situation,1
infectionprevention,1
controlnursing,1
homehydroxychloroquine,1
disordercovidsarscovanosmiamicrosomiasmell,1
disorderquality,1
syndromesymptomatic,3
monitor,1
training,2
load,1
coronavirussarscov,1
infectionantimicrobial,1
stewardshiprespiratory,1
infectionsantibiotic,1
resistance,1
depressionstress,1
complicationcovidventilator,1
sarscovrheumatic,1
arthritischronic,1
pneumoniancov,1
cancerpromcovidpsychological,1
mindfulnessrandomized,1
controlled,1
trialpsychopathologyhealth,1
professionaldepressionmedical,1
errorscovid,1
activitycovid,1
artery,3
hypoxemiapneumonia,1
housingcovidmental,1
healthphysical,1
healthsocial,1
interactionhealthcare,1
illnessfamilypsychological,1
infectionbreastfeeding,1
depressioncovidprevalencesocial,1
infectionstroke,1
involvement,1
diabetesmetabolic,1
mesenchymal,1
stromal,2
cellsremestemcellacute,1
syndromeacute,3
storminflammation,1
sarscovoutcome,1
covidsarscovpneumonia,2
covidembolism,1
thrombosispneumonia,1
depressionquality,1
conditionsolder,1
pathogenicity,1
complicationbehavioral,1
ras,1
blockers,1
coughcovid,1
syndromerehabilitation,1
infectionlower,1
coronavirusfatiguemusculoskeletal,1
infectionardsaviptadil,1
covidcovidsarscovsars,1
humanhypoxemic,1
manifestationscovidchilblains,1
oximetrycovid,1
dementiacognitive,2
impairmentdepression,1
anxietyloneliness,1
depressive,16
symptomsgeneralized,1
covidventilator,1
pneumonianosocomial,1
pneumoniacytokine,1
infectioncoronavirusinfectious,1
covidvascular,1
failurecovidbiosensor,1
sepsis,6
causesacute,1
ozone,1
ptsdanxietystressdepressioncovidhealthcare,1
infectioncovidmoderate,1
stresscovidanxiety,1
infectionkidney,1
ardscovidcorona,1
infectionflu,1
vaccineimmunity,1
progressive,1
rumination,1
pneumonitiscoronavirus,1
diseasesmacrophage,1
activation,1
syndromesars,3
pneumoniasarsassociated,2
elsewherepneumoniapneumonia,1
nursestudentpost,1
syndromecovidmyocardial,1
fibrosisprimary,1
sclerosing,1
cholangitiscovid,1
positioncoronavirus,1
systemother,1
specified,1
stormregulation,1
responsepulmonary,1
rt,1
pcrcovidpersonal,1
ppesarscov,1
attitudevirus,1
state,2
humansarscovviral,1
covidardstracheostomy,1
complicationrespiratory,2
insufficiencycorona,1
diseasecovidsatisfaction,1
patientquality,2
perceived,4
stressanxietysleep,2
infectionmobility,1
limitationfrailty,1
humanlung,1
acuteventilation,1
mismatch,2
ventilationsarscovcovid,1
cor,1
pulmonalecardiac,1
nurse,1
fingers,1
toes,1
pneumoniacovidcoronavirus,1
allinfectioncritical,1
illnesssarscov,1
viralcoagulopathy,1
maxillofacial,1
injuriesskull,1
fracturescovid,1
infectionscovidviral,1
covidardsrespiratory,1
laughter,1
yogaanxietylife,1
satisfactionpsychological,1
wellbeingcovid,1
fibrosisinterstitial,2
incarceratedcovid,1
advanced,2
planningshared,1
decision,4
makingvideo,1
aidscommunication,1
skillsadvance,1
directivesnatural,1
language,2
processingcovid,1
covidsarscovsarsassociated,1
elsewhereoxidative,1
covidhemodynamic,1
instabilityards,1
gastric,1
cancergastrointestinal,2
infectionpost,1
syndromefamily,1
memberspost,2
disorderanxietydepression,3
illnesssarscovsars,1
infectionstress,1
positioninghigh,1
cannulaacute,1
injurycovidards,1
coviddeconditioning,1
ultrasoundpneumoniacovid,2
carcinomapost,1
continuous,2
therapypulmonary,1
thermal,1
personal,3
hazards,1
their,2
anxietydepressioncovidcancerchronic,1
apnea,1
very,1
preterm,2
dysexecutive,1
sclerodermascleroderma,1
systemicsystemic,1
anxietyparentscovid,1
postviral,1
syndromepostviral,1
illnesscritical,1
polyneuromyopathyearly,1
mobilizationrehabilitationrobotics,1
sedation,1
covidburn,1
outpost,1
homeless,1
strokerehabilitationcovidcohort,1
studies,1
treatmentwomen,1
lonelinessdepressionanxietyalcohol,1
abusedrug,1
abuse,1
disturbanceburnoutptsd,1
syndromerehabilitationintensive,1
weaknesscritical,1
polyneuromyopathy,1
complicationsimmunosuppression,1
gut,1
microbiomegastrointestinal,1
microbiomecovidcovidcorona,1
infectioncoronaviruscoronaviridae,1
infectionscoronavirus,1
infectionpsychiatric,1
infectionsarscovcoronavirussars,1
deficiencycorona,1
infectionardscoronavirussarscov,1
covidpneumoniahypoxemia,1
syndromecoronavirushypoxic,1
failurehypoxemic,1
insufficiencycardiac,1
dysfunctionpneumoniapulmonary,1
edemapulmonary,1
inflammationrespiratory,1
sarscovcardiac,1
eventcardiac,1
complicationcardiac,1
infarct,1
diseasehepatic,1
carcinoma,3
syndromevirus,3
infectionhospitalization,1
coronavirusmachine,1
stormacute,1
infectionsystemic,1
diseasesystemic,1
syndromesarcoidosisinflammatory,1
myopathybehet,1
diseaserheumatoid,1
arthritisspondyloarthritis,1
anxietydepressioninsomniacovidcoronavirus,1
facetoface,1
reconsultation,1
room,3
covidoxygen,1
therapyprone,1
positionspontaneous,1
ventilationrespiratory,1
conditionsrisk,1
cardiovasculardeathdiabetescopdatrial,1
fibrillationdvtckd,1
hand,4
eczemahand,1
dermatitiscovid,1
coronavirusnurses,1
roleprofessional,1
syndromerespiratory,3
consent,1
injurycorona,1
infectionmyositismyocarditis,1
frailty,2
infectioncovidsarsacute,1
diseasestroke,1
covidhydrogenoxygen,2
mixed,1
gasdyspnea,1
syndromeobesitycomorbidities,1
emotionallife,1
illnessanxiety,1
perforated,1
appendicitiscovid,1
covidmecfssars,1
covnovel,1
infectionneurocognitive,1
disorderscardiovascular,1
severehypoxic,1
failureviral,1
infectionardsacute,1
refractory,3
gasamsh,1
organizational,1
support,2
trainingrespiratory,1
testquality,1
lifepsychosocial,1
managementintensive,1
unitcovid,1
covidhyperactive,1
deliriumpneumonia,1
pd,1
covidoncologyhaematological,1
brief,2
videobased,2
interventionnon,2
intervention,5
coronavirussars,1
interventionvignette,1
based,1
arm,1
intestinal,2
apneahypopnea,1
distressadjustment,1
psychologicalcoronavirus,1
participantsintrusive,1
memories,2
unspecified,1
surfactant,1
levels,2
emotionnal,1
intracranial,1
hypertensioncerebral,1
circulatory,2
coagulopathycardiovascular,1
infectiontype,1
covidhydroxychloroquineprophylaxistreatmentsarscov,1
convalescencecorona,1
infectionplaque,1
functionexercise,1
capacityquality,1
covidbreast,1
ductal,1
situcovid,1
infectionhereditary,1
carcinomainvasive,1
infectionautoimmune,1
diseasescoagulation,1
covidcoronavirusmortalitymechanical,1
syndromesarscovcovidcovidsevere,1
diseasescardiac,1
immunologic,1
disorderdepressionposttraumatic,1
disorderburnoutanxiety,1
flu,3
humaninfluenza,1
surgeon,1
nitric,3
oxiderespiratory,2
viralinhaled,2
oxide,1
statecovidisolation,1
socialhealth,1
attitude,1
ratehypoxiacovid,1
hypertensionsocial,1
isolationcovid,1
angina,1
pectorisacute,1
syndromecoronary,2
diseaseangioplastystent,1
restenosishypertensionheart,1
systolicdepression,1
anxietycovidisolation,1
covidsarscovcovidacute,1
infectionworkerpatient,1
anosmiacovidageusiahyposmiahypogeusiasarscov,1
mellitushypertensionobesity,1
pneumonitissarscov,1
monoclonal,1
lymphocytosischronic,1
lymphomabcell,2
hodgkin,4
lymphomahodgkin,1
metabolic,3
syndrometype,1
tuberculosistuberculosis,1
diagnosiscovidhiv,1
character,1
humanardssarscov,1
pneumoniaards,1
humanpneumonia,2
solving,1
infectionsarscovncov,1
morbidbariatric,1
candidate,1
coronavirustrustmisinformation,1
rehabilitationcrosssectional,1
studycohort,1
telerehabilitation,2
covidsarscytokine,1
stormcytokine,2
syndrometocilizumab,1
failureventilatory,1
failurecovidpneumoniaards,1
overnight,1
recoverypostoperative,1
distressstress,2
psychologicalautism,1
lifebehaviorsocial,1
infectionadvanced,1
metastatic,1
ardscovidacute,1
mortalityintensive,1
akiardscovid,1
syndromepost,2
syndromesurvivorship,1
arthritisspondyloarthritiscrohn,1
diseaseulcerative,2
colitisautoimmune,1
hepatitisliver,1
failurepneumonia,1
emerging,1
challenges,1
motor,1
disabilities,2
rheumatism,1
neoplasmscoronavirus,1
corticosteroidscovidsarscov,1
steroidsdexamethasone,1
failurecovidtraumastrokesepsisshock,1
syndromeardshypoxemic,1
covidtelemedicineroboticsemergenciesemerging,1
palsy,1
syndrometlrs,1
bereavementsevere,1
cancercolon,2
cancerrectal,1
canceroncologysurgery,1
factorheart,1
alzheimer,3
diseasetelerehabilitationonline,1
exercisecomputerized,1
stimulationcovid,1
depressionalcohol,1
abusesubstance,1
abuseangersleep,1
disturbancestress,1
ncovimmunoglobulin,1
cured,1
fibromyalgia,2
covidnintedanibsafetyeffect,1
drugs,1
covidpneumoniacytokine,1
failurecoronavirus,1
elsewheresarscov,1
psychotic,2
disordersanxiety,2
covidschools,1
syndromepulmonary,1
caregiverintensive,1
unitstress,1
depressiongeneralized,2
anxietyadherence,1
nonpharmacological,1
epidemiological,1
interventions,1
npis,1
covidanxietydepressionstress,1
coronaviruscovidardscytokine,1
injuryischemic,1
strokehemorrhagic,1
strokeintracerebral,1
hemorrhagesubarachnoid,1
hemorrhagetraumatic,1
injurystatus,1
epilepticus,1
childhood,4
adolescence,2
personnelstressanxietyinsomniahyperarousalcorona,1
infectioncoronavirussarscovsarscov,1
infectionresistance,1
diseasehypothermiahypothermia,1
cold,1
viralbarotraumainterstitial,1
diseasebronchiectasis,1
adultemphysema,1
tolerancequality,1
lifelung,1
functionfatigue,1
intensity,2
herpes,1
zosterallergy,1
immunologycorona,1
hivinfectionhypertension,1
covidappendicitischolecystitis,1
gallstonecholecystitis,1
covidcardiopulmonary,1
diseaseweakness,1
musclehypoxiadebility,1
orthopaedic,1
rsv,2
arrestemergencies,1
infectionposttraumatic,1
hypohidrotic,1
ectodermal,1
dysplasia,1
infectioncovidsevere,1
insufficiencyrespiratory,1
syndromeardslung,1
disturbanceinsomnia,1
coronaviruscovidartfertility,1
professionalstress,2
psychologicalwork,1
stressepidemic,1
distresslife,1
stressanxietyperfectionismemotional,1
intelligencecreativityattentionempathy,1
major,7
syndromeards,1
severecovid,1
exercisedetrainingmuscle,1
weaknessmuscle,1
elsewherecoronavirussarscov,1
insufficiencypneumoniaseptic,1
shockhypoxemia,1
adultadult,1
syndromesarscovacute,1
mody,1
corticosteroidinduced,1
initiation,2
corticosteroid,1
behaviour,2
budesonideolfaction,1
disorderssarscovanosmia,1
scores,1
sarscovmechanical,1
stresscareer,1
burnoutsatisfaction,1
mrsa,1
bloodstream,1
infectionmrsa,1
bacteremiamrsa,1
rightsided,1
endocarditiscovid,1
elevated,1
diseasepneumoniamolecular,1
diagnosiscovidantibiotic,1
stewardship,2
alcohol,7
drinkingalcoholrelated,1
disorderspandemicpsychological,1
infectionssyphilis,1
pimsts,1
depressionspecific,1
phobiaperinatal,1
covidcovidcoronaviruscoronavirus,1
sarscovardsacute,1
mitochondrial,1
obesitytelemedicinebariatric,1
failurehypoxia,1
disorderattentiondeficit,1
hyperactivity,3
pancreatitis,7
infectiondiabetes,2
anxietysarscov,1
dysphagiadysphoniasubglottic,1
stenosisvoice,1
disordersswallowing,1
disordercovidsars,1
pneumoniaquality,1
lifesarscov,1
acceptance,1
neoplasmpneumoniapneumonitissevere,1
injuryischemia,1
limbacute,1
spinal,4
cord,5
injuries,5
healthychronic,2
infectionendothelial,1
dysfunctionmicrovascular,1
rarefaction,1
syndromethromboembolism,1
venousanticoagulants,1
bleeding,1
syndromemyocardial,1
infarctionmyocarditisvenous,1
thromboembolismdeep,1
critically,2
illnesssedationinvasive,1
illnessvenous,1
thromboembolismvenous,1
thrombosesvenous,1
thromboses,1
deepvenous,1
pulmonarypulmonary,1
embolismpulmonary,1
thrombosissarscovsarscov,1
hcwcovid,1
stomach,1
cancercorona,1
hivinfectioncancerprimary,1
disorderimmunosuppression,1
covidnasopharyngitisanosmiafevermyalgiacoughnasal,1
congestion,1
insomniametacognitive,1
beliefsanxietydepressionsleep,1
deviant,1
fantasies,1
complicationsmental,1
anxietydepressionptsdcoronavirus,1
ventilatorassociated,3
upper,3
infectionsviruscovidvirus,1
sheddingvirus,1
covidthrombosispulmonary,1
motherchild,1
interaction,1
disordersalcohol,1
covidpneumoniaacute,1
covidfinancial,1
disclosure,2
cachexiamuscle,1
lossmuscle,1
wastingmuscle,1
atrophycritical,1
isolationanxietyhealth,1
utilizationsickle,1
diseasepain,1
lifestressemotional,1
adjustment,2
aplastic,1
anemiahematopoietic,1
neoplasmmonoclonal,1
lymphocytosismonoclonal,1
significancemyelodysplastic,1
hemophilia,1
arthropathy,1
stressburnoutanxietydepressioncovid,1
habits,1
postcoronavirus,1
pneumoniasarscov,1
questionnaire,2
designscovid,1
pandemicpsychological,1
stresscoping,1
skillstwoitem,1
generalised,1
scalepatient,1
scalehealth,1
indexsubjective,1
complaintmood,1
physician,1
covidfavipiravirkaletrahydroxychloroquinelopinavirritonavir,1
emotionalemotional,1
dysfunctionanxietydepression,1
telehealth,2
gastrointestinal,4
diseaseinfectious,2
ardscoronavirus,1
parental,2
stressdepressionanxiety,2
complicationintubation,2
difficult,4
failedcardiac,1
arrestinfluenzasafety,1
isolationmental,1
failureamd,1
edemachronic,1
failurehemophiliamalignant,1
hemopathymultiple,1
sclerosishortons,1
parentinganxietydepressionanger,1
diseasescoronavirus,1
stormsarscov,1
mediacorona,1
failureembolism,1
number,1
studying,1
periodreason,1
consultation,1
illnesshigh,1
trainingicuintensive,1
unitsfitness,1
trackers,1
disordermoral,2
psychosisschizophrenicpersonality,1
disordersmood,1
hypertensionnewborn,1
morbidityfetal,1
growth,1
retardationfetus,1
disorderweight,1
gain,1
maternalmaternalfetal,1
developmentmotherinfant,1
interactioncovid,1
preference,1
workercovid,1
telemedicinesurgery,2
plastic,2
diseasecovidphysical,1
covidcardiorespiratory,1
flourishingdepressionquality,1
lifelonelinessphysical,1
activitysocial,1
identificationphysical,1
job,1
stressworkplace,1
stresscompassion,1
fatiguepsychological,1
traumahealthcare,1
workershealthcare,1
providers,1
caries,2
childrendental,1
copd,3
exacerbationcopd,1
covidsarscovcancersolid,1
tumorcarcinomablood,1
septal,1
rupturepapillary,1
rupturefree,1
wall,1
carepneumonia,1
literacyfood,1
habitsbehavior,1
mechanismseating,1
diabetestype,1
nutrition,2
poorinfection,1
viraloral,1
disorderintensive,1
disordersdepressioncritical,1
pneumoniacorona,1
eye,2
trauma,2
medicinecardiopulmonary,1
arrestshock,1
distressquality,1
lymphedema,1
factorburnoutimmune,1
hivdepression,1
old,2
ageisolation,1
socialaging,1
syndromecoronavirusmechanical,1
complicationventilation,1
covidcoronavirusmortality,1
covidsarscovcoronavirusinfluenza,1
illnesslower,1
resp,3
infectionupper,1
fibromyalgiachronic,1
lowback,3
covidsarscovdiabete,1
mellituscardiopathypulmonary,1
diseaseliver,1
diseaseidiopathic,1
fibrosisasthma,1
depressionhemodialysis,1
musculoskeletal,5
covidenvironmental,1
exposurechronic,1
factorsars,1
coronavirusards,1
stresstraumamental,1
issuehealthcare,1
syndromeintensive,1
unitmuscle,1
recipientinfections,1
lymphopenia,1
surgeryobesity,1
disordercovidemotional,1
distressdepressionanxietyirritable,1
mood,3
selfsatisfaction,1
myeloma,2
stressanxietydepressionresiliencewellbeingmood,1
all,2
polypcolon,1
diseasereflux,1
gastroesophagealvarices,1
esophageal,1
anorexia,2
nervosa,2
impairmentdementia,1
covidangiogenesisendothelial,1
dysfunctioncardiovascular,1
happinessanxietydepressionmorality,1
obesityclinical,1
covideye,1
modern,1
technology,2
applications,1
pneumoniaclinical,1
exercise,3
capacitygeriatricmask,1
anxietywellbeing,1
magec,1
rod,1
adherence,1
whoadvised,1
hygienerelated,1
behavioradherence,1
mitigation,1
protocols,1
bipolar,1
ardshypercapnic,1
failureaki,1
assisted,1
reproduction,1
access,1
chiropractic,1
thrombocytopenia,2
lifestress,2
anxietyhappiness,1
fibroses,1
illcoronavirus,1
disablingcovid,1
diseasecapsule,1
pneumoniarespiratory,1
infarctionheart,1
ptsd,1
coronavirusiatrogenic,1
addictionstress,1
syndromecovidards,1
wellbeingpsychological,1
stressemotional,1
psychologicalstressanxietydepressionhappinesssatisfactionoccupational,1
stressaffect,1
bulimia,1
nervosabulimia,1
atypicalbinge,1
eatingbingeeating,1
paindisability,1
physicalpsychological,1
covidivermectin,1
poisoningdrug,1
toxicitydrug,1
side,1
patientneurological,1
abnormalitydeliriumencephalopathy,1
osteoporosissarcopenia,1
visual,2
stressstress,2
connective,1
tissue,1
diseasesrare,1
diseasesrheumatologic,1
neoplasmsars,2
herpositive,1
sarscovcancer,1
anxietyhealth,2
adolescencechronic,1
systemchronic,1
coronaviruspneumoniaoxygen,1
reductionstresssleep,1
ruminationanxietystressdepressive,1
outbreakmental,1
anxietydepressioninterpersonal,1
problememotion,1
regulation,2
strain,1
infectionsarscovelderly,1
migrantsanxietydepression,1
disordergeneral,1
catastrophizing,1
depressiondepressive,1
suturing,1
skillssurgical,1
intrusive,1
eventspost,1
chemeotherapyimmunotherapytreatment,1
mofidiedcoronavirusquality,1
infectionmyocardial,1
injurypneumonia,1
covidmedical,1
fibromyalgiafibromyalgia,1
injuriesstrokespinal,1
osteochondromaosteogenesis,1
imperfectaollier,1
diseasemaffucci,1
infectionoxygen,1
infectionscovidhealth,1
utilizationgenderbased,1
violence,1
diseasehiv,1
infectionsaidssafety,1
issuesimmunogenicitycovid,1
ankle,1
fracturesproximal,1
humeral,1
fracturewrist,1
resilience,2
psychologicallonelinessyouthsurveys,1
questionnaires,1
abusestress,1
conditionssocial,1
suppressionimmune,1
deficiencyinfectioncovidchildren,1
bhn,1
illnesscovidcognitive,1
complicationsbirth,1
sarsars,1
cardiopulmonary,2
resuscitationpersonal,1
candidatepatient,1
underwent,1
diseasepsychiatric,1
diseaseagingaging,1
problemshealth,1
behaviormultiple,1
conditionschronic,1
illnesschronic,2
multiplehealthy,1
lifestylehealthy,1
agingaging,1
wellhealthy,1
styleselfmanagementself,1
stressanxietyburnout,1
covidcovidsevere,1
coronavirusinflammation,1
trust,1
generalized,4
diseasesliver,2
coronavirussarscovcovidacute,1
syndromeshockacute,1
failureleft,1
dysfunctionfluid,1
overload,1
carcinomacancerhealthy,1
anxietydepressionpsychological,1
distresswellbeing,1
encephalitis,1
pancreatitisacute,1
necrosisacute,2
gallstonesacute,1
collectionacute,1
necrosis,2
common,1
bile,1
duct,1
calculusacute,1
recurrentacute,1
diagnosiscovid,1
disorderaging,1
disorderspsychological,1
acutekidney,1
cancercovidpneumonitis,1
serogroup,1
meningococcal,1
meningitisdiphtheriacovid,1
infectiondisease,1
followupcovidinfectious,1
illnessrelated,1
ltcs,1
covidpneumoniasars,1
cerebrovascular,1
accidentchronic,1
failurecoronary,1
mellitusmalignant,1
hearing,2
childrenglue,1
earhearing,1
conductive,1
viralrespiratory,1
respiratoryvirus,1
viralvaccine,1
reactionrna,1
infectionsprotection,1
covidemergencies,1
radiologyartificial,1
intelligence,1
symptomatologypsychological,1
distresshealth,1
sepsiscorona,1
infectioncoronavirusvirus,1
diseasesrna,1
obesitydiabetescovid,1
disordersalzheimer,1
diseasemild,1
covidcough,1
estimate,1
contribution,1
optimized,1
mri,1
prevalence,1
covidobesityoverweightpneumonia,1
covidairway,1
cpneumonia,1
covidemotional,1
distressdepressive,1
symptomsanxiety,2
symptomsirritabilitytelepsychotherapy,1
smell,1
disordertaste,1
disorderscoronavirus,1
picking,1
disordergeneralized,2
allbcell,1
investigating,1
impactconfinement,1
measurescoronavirus,1
outbreakschoolage,1
dietary,1
diversity,1
online,1
regulationaffect,1
hospitalization,1
hemicrania,1
distressresilience,1
breastfeedingbreastfeeding,1
exclusivebreastfeeding,1
jaundiceeducational,1
problems,2
comorbiditiesconfinementobesity,1
complicationmuscle,1
problemmental,2
relatedcovid,1
knowledgeattitudespractices,1
psychologicalchild,1
competence,1
body,3
weight,2
changeseating,1
symptomsexual,1
harassmentcovidred,1
s,1
particular,1
onward,1
transmissionrespiratory,1
vaccinesafety,1
anxietyperinatal,1
burnoutstress,1
infectionscorona,1
infectionsadrv,1
infectionchildren,1
onlyoutpatientbronchiolitisotitis,1
mediapneumonia,1
surgerycovidpostop,1
syndromecoronavirussarscovcovid,1
syndromecovidhealthy,1
agingold,1
stormcytokines,1
resiliencestresssleep,1
complicationsevere,1
illnessmechanical,1
isolationquality,1
lifewell,1
agingfrailty,1
psychologicaltrauma,1
psychologicalanxietyanxiety,1
statepost,1
disordersecondary,1
stressprofessional,1
reactionstress,1
riskmental,1
resilienceemotional,1
anxietycognitive,1
impairmentstress,1
stressanxiety,1
alterationnoncovid,1
deaths,1
socialautonomic,1
suicidal,1
ideationsuicidemental,1
issuedepression,2
sle,1
rhythm,1
disordercovidsocial,1
sclerosiscaregivers,1
depressionlonelinessrelation,1
interpersonalcovid,1
moodemotional,1
motivationoptimismhopelessnesslife,1
daily,1
disinfectionaftereachcase,1
disinfection,1
asthmachronic,1
copdcongestive,1
failurediabeteshypertension,1
adaptationpsychology,1
postoperative,5
dysfunctiondepressive,1
symptomspostoperative,1
depressioncovidanxietyptsdpregnancy,1
coachingpandemicdepression,1
anxietyselfcare,1
tools,1
anxietydepression,2
anxietydepressive,1
symptomspost,1
symptomsperceived,1
painmorbidity,1
multiplecovid,1
face,1
squeeze,1
melanoma,1
dementiadementia,1
vasculardementia,1
mixeddementia,1
lewy,1
bodiesdementia,1
frontaldementia,1
milddementia,1
moderatedementia,1
alzheimersdementia,1
typedementia,1
multiinfarctdementia,1
frontotemporal,1
anogenital,1
herpescovidherpes,1
labialis,1
subjectivehealthy,1
infectionventilator,1
coronovac,1
effective,1
receiving,1
chemotherapy,1
telemedicine,2
symptomsanxietycovid,1
isolationphysical,1
inactivitywellbeing,1
symptomsmetacognitive,1
variables,1
failuredepressionanxiety,1
hyperglycemia,1
stresshypoglycemia,1
myocard,1
infarctus,1
washinghandwashingcovid,1
influenzasars,1
infectionsinfection,1
bacterialinfection,1
viralcovidrna,1
deliriumadult,1
focus,2
uses,1
telephone,1
diagnosis,1
hypoxemia,2
covidatherosclerosiscardiovascular,1
diseasesupper,1
collecting,1
paired,1
specimens,1
matrix,1
equivalency,1
covidsocial,1
isolationanxietyfrailty,1
diet,2
diseasehopelessnessphysical,1
activitymotivationsocial,1
supportcovid,1
pneumococcalcovid,1
disseminated,1
coagulationcritical,1
illnesssarscovviral,1
infectioncoagulation,1
bloodcovid,1
failureemergenciescovid,1
aerosol,1
generation,1
droplet,1
dispersion,1
deposition,1
nasogastric,1
motility,1
investigations,1
severeacute,1
typediabeteschildhood,1
arrestneedle,1
stickinjuriesglowe,1
telerehabilitationelderly,1
peoplesocial,1
adenoidectomytonsillectomy,1
psychologicalsleep,1
maintenance,1
unspecifiedsubstance,1
useintoxication,1
alcoholemergenciescovid,1
pandemictreatment,1
volunteercovid,1
fibrosiscovidsocial,1
infectionakiacute,1
atrial,2
paroxysmal,1
illnessvitamin,1
depressionanxietyemotional,1
professionalhighflow,1
cannula,1
premature,2
birthpreterm,1
labor,1
researchquality,1
lifeaddictionsubstancerelated,1
disordershealth,1
metastaticcancersurvivorship,1
aortic,1
valve,1
temporomandibular,1
isolationexercisehealthy,1
infectionstuberculosis,1
ccovid,1
infectionliver,1
recipientcovid,1
meditation,1
maltreatmentpositive,1
parenting,1
disorderattention,1
deficit,2
disorderneurodevelopmental,1
conditionscovid,1
behaviorstress,1
psychologicaleating,1
habit,2
diseasealzheimer,1
angiotensin,1
converting,1
enzyme,1
electronic,1
records,1
comorbidity,1
incidence,1
united,1
kingdom,1
shockplatelet,1
signal,1
processing,1
defectinflammatory,1
responsedisseminated,1
coagulationcovidneutrophil,1
trap,1
formation,1
well,2
abdominal,2
cancerthoracic,1
elective,1
issuemusculoskeletal,1
hip,1
osteoarthritisknee,1
osteoarthritismental,1
stresscoronavirus,1
edentulous,1
mouth,1
intractablepain,1
quarantine,1
covidecmo,1
covidrecombinant,1
interferon,1
ptsdopioiduse,1
disordersubstance,1
telemedicinehivinfection,1
anxietysurgery,1
checkup,1
mantle,1
headaches,1
communication,1
research,1
impairmentamblyopia,1
suspect,1
anxious,1
treatmentresistant,1
canceriron,1
chelation,1
covidinfluenzarespiratory,1
infectionsacute,1
ardscovidards,1
intubationinfectionprojection,1
adultglobal,1
illnessinfections,1
respiratoryemergency,1
hospitaltelemedicine,1
ventilationsedationcritical,1
consumptionviolence,1
domesticstress,1
psychologicalaggression,1
patientcovidemergenciessatisfactioninformation,1
kawasaki,1
diseaseinflammation,1
armbolstered,1
caretreatment,1
armhivrrsfltreatment,1
armhivrrsflm,1
sepsisvitamin,1
cintensive,1
unitcovidpandemiccoronavirus,1
image,1
posttraumaticstress,1
bioequivalence,7
colorectalneoplasm,1
lungneoplasm,1
bladderneoplasms,1
pancreaticbiliary,1
neoplasmsgastro,1
tumour,1
incontinence,1
agesedentary,1
hypertensionhypoxiahypotension,1
behavioreating,1
vaccnation,1
hcw,1
fiberoptic,1
bronchoscopy,1
fobbronchoalveolar,1
lavage,1
balrespiratory,1
infant,2
covidtuberculosisrespiratory,1
limbs,1
infectionscovidflu,1
cancerphysiotherapy,1
copdasthmacovid,1
abnormalitypediatric,1
emotionalsleepquality,1
crohns,3
diseasepediatric,1
ulcerative,2
colitisinflammatory,1
intubationdifficult,1
lifestylesedentary,1
anxietydepressionsocial,1
breathing,1
hrv,1
stresspost,1
disorderwork,1
arthritistelehealth,1
ventilationcorona,1
uveitis,2
disordersocial,1
disorderpanic,1
adulthealthy,1
donorscovid,1
donors,1
comparative,1
bioavailability,1
dry,2
facetouching,1
adolescent,1
caregiversprimary,1
preventioncognitive,1
infectionventilatory,1
failureanesthesia,1
coronaviruscardiac,1
diseasevascular,1
whole,1
donations,1
leukoreduction,1
malnutritionisolationdepressionanxietysedentary,1
behaviorloneliness,1
syndromelung,1
diseasespneumoniarespiratory,1
cardiotoxicitycardiac,1
time,1
extubation,1
plaquecalculus,1
dentalaerosol,1
uveitisocular,1
anxietydepressionanxiety,1
generalizedanxiety,1
rhinoplasty,1
knee,1
glucose,1
monitoring,2
patientprofessional,1
obesityoverweight,1
smokingsmoking,1
arterial,1
hypertensionurinary,1
childrenhypertensionpainhyperphosphatemiaprimary,1
hyperaldosteronismedemahypokalemiaheart,1
failurehemophiliamenorrhagiainsomniapneumoniaskin,1
infectionarrythmiaasthma,1
childrenbronchopulmonary,1
dysplasiaadrenal,1
insufficiencyfibrinolysis,1
hemorrhageattention,1
disordermultisystem,1
misckawasaki,1
diseasecoagulation,1
disorderdown,1
painobesitysedentary,1
lifecultural,1
competencestress,1
sleepdietwell,1
being,1
opioid,2
useopioiduse,2
disorderrisk,1
reductionhiv,1
nausea,1
vomiting,1
healthyrespiratory,1
infectionslung,1
infectiondroplet,1
streptococcus,1
pneumoniastreptococcus,1
pyogenes,1
infectionneisseria,1
meningitides,1
meningitis,1
colitis,1
uc,1
abortion,1
issuescommunicationcardiopulmonary,1
device,1
objectaerosol,1
diseasedroplet,1
aerosolgenerating,1
esophagogastroduodenoscopy,1
mouthhalitosis,1
childhoodfearshyness,1
infectionsdrug,1
useopioid,1
spinocerebellar,1
ataxia,1
machadojoseph,1
diseasescamjd,1
telemedicinephysiology,1
disorderautism,2
relapsingremitting,2
outpatient,1
clinicschronic,1
disorderapraxia,1
speech,2
cigarette,1
smokingaddiction,1
nicotinetobacco,1
suicidesuicidal,1
ideationsuicide,1
attempt,1
surgeryperioperative,1
insomnia,1
depressionpostpartum,1
pelvic,1
floorexercisetelerehabilitationacupressuredysmenorrhea,1
primarydrug,1
dermatitis,2
handskin,1
abnormalitiesatopic,1
dermatitisatopic,1
eczema,1
sleepsleep,1
psychologicaldepressionjob,1
peer,1
group,2
spasticity,1
newbornanxiety,1
nonalcoholic,1
steatohepatitis,1
nash,1
diabetesdiabetes,1
inpatientsstaff,1
yoga,1
anxietystress,1
myocarditisheart,1
failuremyocardial,1
parvovirus,1
selective,1
mutism,1
cancersupportive,1
disorderposttraumatic,1
communitydwelling,1
older,1
adultsfall,1
epilepsy,1
childrenmindfulnessquality,1
herbicides,1
practicesocial,1
determinantspublic,1
healthpregnancy,1
diabetescomorbidities,1
healthybody,1
weighttime,1
restricted,1
feedingsleepcardiovascular,1
factormotivation,1
malnutritiononcologic,1
complicationsoncologyquality,1
agingcognitive,1
decline,1
disorderintolerance,1
uncertaintyanxiety,1
back,4
recurrenthealthy,1
epigenetic,1
agingimmunosenescence,1
painlow,2
relapsed,1
andor,1
borderline,1
personality,2
injuriestraumatic,1
injuryspina,1
bifidacerebral,1
palsystrokeparkinson,1
diseasemultiple,1
makingagedmultimorbiditygeneral,1
ardsards,1
problempsychological,1
distressengagement,1
bronchiectasis,1
arthritiscancercardiovascular,1
diseasecongestive,1
failurediabeteshypertensionkidney,1
diseasesobesityosteoporosisstrokefrailty,1
tuberculosispediatric,1
allbehavior,1
osteopenia,1
osteoporosis,1
dualgeneration,1
mothers,1
allergyanxiety,1
therapycerebral,1
palsytherapeutic,1
educationtelehealth,1
cancerbowel,1
diseasegenomicepigenetic,1
colitishealthy,1
controls,1
dissatisfaction,1
disordertraumatic,1
declinepreventionlife,1
stylerisk,1
cardiovasculardiet,1
habitcognitive,1
interventionbehavioral,1
illnesscommunication,1
strokeparkinson,1
diseasecovidneglect,1
hemispatial,1
confusional,1
losswaitlist,1
communicationtrustcovidsurgery,1
problemsfrailtyfall,1
injuryaccidental,1
fallfear,1
falling,1
selfinjurious,1
thoughts,1
behavioursborderline,1
disorderdiabetescardiovascular,1
diseasescritical,1
caretrauma,1
careprimary,1
noncontact,1
infrared,1
thermometer,1
cardiopulmonaryexercisecognitive,1
performancecovid,1
sepsispneumonialower,1
diabetesceliac,1
concussionmusculoskeletal,1
injurylocomotionpostural,1
balance,1
cancerprostate,1
cpi,1
obesitypregnancy,1
cancerchemotherapeutic,1
surgeryphysical,1
cancerbrain,1
suicide,1
transient,1
attackvascular,1
impairmentsubcortical,1
prediabetesmetabolic,1
protection,1
agingchronic,1
lonelinesssocial,1
nutritional,1
deficiencyhospitalism,1
bleach,1
pneumonianitric,1
oxidecovidsarscov,1
elbow,1
fracturetrauma,1
technologydiet,1
tractneurodegenerationneuroinflammatory,1
pandemicscrisis,1
statenursingeducation,1
examine,1
project,1
healthycognitive,1
meniscectomy,1
syndromeobesity,1
economicsprimary,1
carehealth,1
maintenancediabetescolorectal,1
screeningcervical,1
screeningchlamydia,1
screeninghpv,1
households,1
anemia,1
ageism,1
complicationscostbenefit,1
healthmetabolic,1
overweightnutritional,1
deficiencypoor,1
nutritionirondeficiency,1
strokeaphasiaapraxia,1
overactive,1
bladder,1
obesityoverweightdiet,1
healthysocial,1
interactionweight,1
lymphomanonhodgkin,1
lymphomalymphomabreast,1
trichuris,1
infectionhelminthiasis,1
spondyloarthritisankylosing,1
arthritisspondyloarthropathy,1
malaria,1
painmusculoskeletal,1
diseasesquality,1
lifepain,1
measurement,1
fibrosiscopdpcd,1
dyskinesiacovidsinusitis,1
influenzainfluenzalike,1
prev,1
serv,1
functional,1
syndromeanxiety,1
literacy,1
dependence,1
gamblinggambling,1
lonelinessquality,1
relatedcardiac,1
opioiduse,2
dementiaalzheimer,1
insomniaschizophreniaschizoaffective,1
relatedpostpartum,1
sadness,1
cardiomyopathycardiomyopathies,1
fungal,1
infectionshay,1
feverasthmachronic,1
diseaseinfluenzacommon,1
coldrespiratory,1
infectionshealthy,1
strengthgrowthbody,1
compositioninfectionallergic,1
diseasesdental,1
central,1
stresshabits,1
studentmental,1
healthdepression,1
anxietydepressionanxietycollege,1
drinkingstress,1
equipmentself,1
symptomsanxietyemotional,1
cancercopdasthmabronchiectasis,1
adultinterstitial,1
diseasecystic,1
fibrosischronic,1
failuresickle,1
failureliver,1
failurepost,1
aneurysmintracranial,1
aneurysm,1
depressionanxietywellbeing,1
tobacco,1
symptomsanxietyhappiness,1
hemodynamic,1
birthnicuprematureinfant,1
ipfpulmonary,1
fibrosisild,1
depressionanxietyphysical,1
misuse,1
symptomsinternetbased,1
abortioncontraception,1
fibrillationhypertensionheart,1
disordermajor,1
inactivtywellbeingmindfulness,1
hairy,1
hclchronic,1
cllnonhodgkins,1
nhlcutaneous,1
ctcladult,1
atl,1
disordersdiabetes,1
complicationsintegumentary,1
diseasemusculoskeletal,1
disordersneurodegenerative,1
disordersneurologic,1
disorderspulmonary,1
disorderssexual,1
dysfunctionurologic,1
disordersviral,1
deathmaternal,1
affecting,1
newbornneonatal,1
sepsismaternal,1
laborneonatal,1
deathpostpartum,1
sickle,1
scd,1
hypertrophic,1
cardiomyopathylong,1
cancerrecurrence,1
dementiahomedwellingcaregiver,1
complicationscardiovascular,1
complicationmyocardial,1
ischemiainflammation,1
diabetesdiabetic,1
metastaticcancercancer,1
pancreascancer,1
livercancer,2
stomachcancer,1
rectumcancer,1
kidneycancer,1
esophaguscancer,1
cervixcancer,1
coloncancer,1
larynxcancer,1
lungcancer,1
breastcancer,1
advancedcancer,1
prostatecancer,1
neckcancer,1
skinneuroendocrine,1
tumorscarcinomamismatch,1
repair,1
deficiencybrca,1
rearrangementnon,1
lymphomaleukemianon,1
small,1
cancercholangiocarcinomaglioblastomacentral,1
tumormelanomaurothelial,1
carcinomabladder,1
cancerovarian,1
cancerendometrial,1
cancertesticular,1
syndromedepressionmyocardial,1
infarctionunstable,1
anginasteminstemi,1
nonst,1
segment,1
mi,1
lifeaging,1
crohn,3
failedintubation,1
disabilitycognitive,1
impairmentphysical,1
nipah,1
diabetesheart,2
diseasesdiet,2
habitdiet,2
modificationhealthyobesitymetabolismmicrobial,1
colonization,1
actinic,1
keratosesprecancerous,1
lesion,1
modificationmicrobial,1
colonizationhealthyobesitymetabolism,1
deathcommunication,1
multidisciplinaryempathycompassionfamily,1
membersbereavementempowermentpatient,1
engagement,1
survivorship,1
syncytial,1
diseasescoronary,1
ebola,1
diseasemarburg,1
disordersposttraumatic,1
disorderobsessivecompulsive,1
painmental,1
workrelated,1
disparitiesmental,1
arthritisasthmachronic,1
diseasediabetesheart,1
failurehypertensionanxietychronic,1
paindepressionfibromyalgiainsomniairritable,1
syndromeproblem,1
drinkingsubstance,1
infertilityinfertility,1
femaleinfertility,1
cesarean,1
section,1
recurrent,1
papillomatosishuman,1
papilloma,1
exerciselung,1
painback,1
overweightobesity,1
infectionspregnancy,1
relatedstimental,1
allergic,1
house,1
dust,1
mites,1
healthbreastfeedingcontraceptionpreventive,1
anticipatory,1
guidanceretention,1
breathingasthma,1
childrenasthma,1
depressionproblematic,1
laborpreterm,1
periodontal,1
diseasesperiodontal,1
pocket,1
disorderspsychosissleep,1
erythematosus,1
distressptsdanxietydepressiontraumafunctional,1
disabilitiescommon,1
drinkingtelemedicine,1
childrenantibiotic,1
problemanxiety,1
childhooddepressive,1
symptomsbehavior,1
adolescencemental,1
